DBSCAN_Cluster,Government Debt,Core PCE Price Index,Core Consumer Prices,Wages,Corruption Rank,Price to Rent Ratio,Money Supply M0,Military Expenditure,Interbank Rate,Government Bond 10Y,Consumer Price Index CPI,GDP from Public Administration,Foreign Exchange Reserves,Mining Production,PCE Price Index,Pending Home Sales,Crude Oil Production,Disposable Personal Income,Foreign Direct Investment,Mortgage Originations
-1,-0.5198887315254612,-0.4564083966452167,-0.44095305504974386,-0.3400044611489004,-0.07516194255831661,-0.07632165541178519,-0.6377428523338783,-0.18173430892584327,0.856888821230673,0.016706121040198734,-0.4327430989353065,-0.1632737271520281,0.12193474671681452,-0.689197671692212,-0.43207159266083595,-1.3130735072623956,-0.5063632989301808,-0.20495181628201772,-1.2134236678445223,-0.20725264808435578
0,-1.4359089139176455,-1.5640201476805455,-1.501366670263506,-1.5313385261363888,-1.10150160031755,0.7109556997081079,-1.4522820999290438,-1.7453472195024564,0.4458831773604377,1.2439187970987868,-1.6800133269965503,-1.0345025522044318,-0.42948340550276276,-0.3360761208865249,-1.6741240219625613,0.9137557252420988,-1.020848777115475,-1.4757318331964078,-1.2350222655490906,0.48496189991281513
1,-1.4241946956280325,-1.5503651947794401,-1.4876138824611087,-1.5227560165773022,-1.10150160031755,0.7109556997081079,-1.4536861170895812,-1.7453472195024564,0.5306289925447671,1.2060208389847702,-1.6413986154371556,-1.0345025522044318,-0.36286290047770753,-0.06014858351277861,-1.6514787718508501,0.8338592381712046,-1.0013145651725421,-1.4671082121891665,-1.2350222655490906,0.484961899912815
2,-1.415442674536685,-1.5300344871266847,-1.463546503806914,-1.5113126704985198,-1.10150160031755,0.7109556997081079,-1.4533198517433537,-1.7453472195024562,0.6434315792104472,1.5049574348394645,-1.5887421905834365,-1.0345025522044318,-0.566380418877419,-0.12913046785621518,-1.6270219017302034,0.3225217209174816,-0.9657978161853917,-1.4482018635759402,-1.2350222655490906,0.4849618999128151
3,-1.4171439420023189,-1.5205265939955441,-1.460108306856315,-1.4998693244197376,-1.10150160031755,0.8917040489989508,-1.4520989672559304,-1.7453472195024564,0.7100809746006395,1.3487995923327265,-1.5431066223768803,-1.0230819496288406,-0.4869639022164537,-0.06014858351277861,-1.6040747149503374,0.7619523998073999,-0.9792941808005089,-1.4309612655810173,-1.0368274410997986,0.36165009926052627
4,-1.4153135911077896,-1.5035337637186146,-1.4497937160045167,-1.4912868148606515,-1.10150160031755,0.891704048998951,-1.4515495692365896,-1.7453472195024562,0.7748095396642088,1.1786269685566249,-1.5501274790240425,-1.0230819496288406,-0.8001615203525365,-0.12913046785621518,-1.5994450193719425,0.3624699644529287,-0.9675736536347492,-1.416748442214238,-1.0368274410997986,0.36165009926052627
5,-1.407272832055574,-1.49776833916037,-1.4463555190539175,-1.47984346878187,-1.10150160031755,0.891704048998951,-1.4489246675886287,-1.7453472195024562,0.8568497184018785,1.0481350655743034,-1.5466170507004617,-1.0230819496288406,-0.9776807928888117,-0.11763348713230909,-1.5943120960132882,0.5462318847159854,-1.022269447074961,-1.4090154362099463,-1.0368274410997986,0.36165009926052627
6,-1.4002600764211506,-1.4856306032482764,-1.4360409282021194,-1.4598176131440013,-1.10150160031755,1.0813572436188197,-1.4475816946524627,-1.7453472195024564,0.9572757912082975,1.204062376960746,-1.5150231957882299,-0.9906233949403116,-0.9981950337654292,-0.3705670630582432,-1.5594887336192795,0.5222629385947172,-1.0893961026606753,-1.3934956392811129,-1.3201705834228694,0.9596684080856852
7,-1.3948669680183619,-1.4788537006973586,-1.4291645343009212,-1.4540959401046094,-1.10150160031755,1.0813572436188197,-1.447703783101205,-1.7453472195024562,1.0587044710695785,1.2842999386601222,-1.479918912552417,-0.9906233949403116,-0.8706411399979457,-0.3360761208865249,-1.5261750545660535,0.41040785669546515,-1.1089303146036082,-1.376820415712574,-1.3201705834228694,0.9596684080856853
8,-1.3940744972758232,-1.4604448012306834,-1.4222881403997218,-1.4483742670652184,-1.10150160031755,1.0813572436188197,-1.4445294834339033,-1.7453472195024562,1.1146400050832475,1.2254449871572566,-1.3956686327864662,-0.9906233949403116,-1.0373955138563917,-1.1293677908360455,-1.4461618375046765,0.21066663901822968,-1.4584151246371688,-1.3586768638212339,-1.3201705834228694,0.9596684080856853
9,-1.3811232180278903,-1.436472772804299,-1.3982207617455273,-1.422626738387959,-1.10150160031755,1.2032807278188034,-1.4449567930045017,-1.7453472195024564,1.255341293283206,1.4649329544590874,-1.3816269194921418,-0.9425366472536029,-1.140576052126904,-1.0143979835969845,-1.4327759785497534,-0.04500211960863183,-1.3373030105909858,-1.3372033926027032,-0.737977613245243,1.1359205955946932
10,-1.372179423680862,-1.4151305871588686,-1.3810297769925308,-1.414044228828873,-1.10150160031755,1.2032807278188034,-1.441111006869117,-1.7453472195024562,1.3547215981743053,1.5361985607061086,-1.437793772669442,-0.9425366472536028,-1.300830864519491,-0.7959553498427687,-1.45028830530281,-0.07696071443698951,-1.2300424286497913,-1.3246879580426107,-0.737977613245243,1.1359205955946932
11,-1.3614670080280433,-1.4064318764218686,-1.3707151861407325,-1.3997400462303953,-1.10150160031755,1.2032807278188034,-1.4352507613294831,-1.7453472195024562,1.4307692683992173,1.470891114444457,-1.4658771992580917,-0.9425366472536028,-1.2208050139711015,-0.6694885618798017,-1.45028830530281,-0.2607226347000462,-1.1835154874766243,-1.3154663752749522,-0.737977613245243,1.1359205955946932
12,-1.3579475984087646,-1.387618385758125,-1.3569623983383363,-1.3854358636319175,-0.1644088693199891,1.2600115963756298,-1.4345792748614001,-1.4810999340219382,1.4890813618390217,1.4221872562154283,-1.4132207744043725,-0.9713886958656265,-1.0644093161988684,-0.3705670630582432,-1.4097281462138347,-0.13288825538661547,-1.1622054380843339,-1.2699130788789947,-0.8223644420973865,0.5595870391152123
13,-1.3478217510258255,-1.3740645806562877,-1.3432096105359388,-1.3654100079940488,-0.1644088693199891,1.2600115963756298,-1.434151965290802,-1.4810999340219382,1.5715731782492681,1.5669254476948773,-1.3991790611100483,-0.9713886958656264,-1.112546693305387,-0.5775127160885529,-1.4046958684112327,-0.3166501756496722,-1.167888117922278,-1.2545780489703116,-0.8223644420973864,0.5595870391152123
14,-1.3339298500223815,-1.3508005868247754,-1.3191422318817432,-1.348244988875876,-0.1644088693199891,1.2600115963756298,-1.4309776656235003,-1.4810999340219382,1.660146993396214,1.7083607461389583,-1.3605643495506534,-0.9713886958656266,-1.067862208227606,-0.5430217739168346,-1.388391288330802,-0.4125259601347452,-1.1696639553716355,-1.2367243028845487,-0.8223644420973865,0.5595870391152123
15,-1.3360475864467043,-1.3250078980115778,-1.3019512471287469,-1.3224974601986166,-0.1644088693199891,1.218589057429376,-1.431527063642841,-1.4810999340219382,1.7415583072652574,1.9478527536769181,-1.300887068049772,-0.9449409846379389,-0.7680699356148575,-0.4855368702973041,-1.349240167026555,-0.7081429622970539,-1.1501297434287028,-1.2231065938412324,-0.3739166346288176,0.8077826693744863
16,-1.335902316147873,-1.303766860165414,-1.2813220654251514,-1.3167757871592256,-0.1644088693199891,1.218589057429376,-1.4294515600142206,-1.4810999340219382,1.8024058472504811,2.0523072360961314,-1.2657827848139593,-0.9449409846379389,-0.6311729222402013,-0.27859121726699443,-1.3264942713587926,-0.7001533135899645,-1.125623186627569,-1.2167080866228868,-0.3739166346288176,0.8077826693744862
17,-1.3272238218555563,-1.2823235267207158,-1.2641310806721548,-1.296749931521357,-0.1644088693199891,1.218589057429376,-1.429573648462963,-1.4810999340219382,1.9098888978378794,2.0520576920999356,-1.251741071519634,-0.9449409846379389,-0.7067303242808127,-0.20960933292355788,-1.305559995699967,-0.8120083954892162,-1.121361176749111,-1.2049519685839585,-0.3739166346288176,0.8077826693744862
18,-1.323889738179357,-1.274029407180786,-1.2503782928697575,-1.2824457489228793,-0.1644088693199891,1.1315273994854012,-1.4301230464823036,-1.4810999340219382,1.96932054250686,2.0360221986137548,-1.2306785015781465,-0.9010618273738162,-0.6977934272652565,-0.11763348713230909,-1.2764734300009255,-1.0117496131664518,-1.1458677335502447,-1.1955101840251623,-0.2001586851465533,0.765430359889111
19,-1.3141931172034467,-1.2566319857067862,-1.233187308116761,-1.2652807298047066,-0.1644088693199891,1.1315273994854012,-1.431221842520985,-1.4810999340219382,1.9287077717413565,1.8440139319454625,-1.2166367882838212,-0.9010618273738161,-0.7566957030496041,-0.09463952568449692,-1.2496010665350297,-0.9797910183380942,-1.165046778003306,-1.188239728335013,-0.2001586851465533,0.765430359889111
20,-1.3152987627261854,-1.2431793284042167,-1.2194345203143646,-1.2538373837259238,-0.1644088693199891,1.1315273994854012,-1.4307945329503868,-1.4810999340219382,1.909283967766231,1.7004895513223413,-1.251741071519634,-0.9010618273738162,-0.8017864107190013,1.2045192961168918,-1.2720450255346358,-1.0117496131664518,-1.1682432854121494,-1.1795933278321369,-0.2001586851465533,0.765430359889111
21,-1.304687446422034,-1.2277037151162975,-1.2056817325119673,-1.236672364607751,-0.1644088693199891,1.0867387432438247,-1.431160798296614,-1.4810999340219382,1.9037228705223461,1.7072770122126206,-1.2903557830790278,-0.8830292969913004,-0.7221667827622279,0.9745796816387698,-1.2921741367450454,-0.9318531260955575,-1.1408953886920437,-1.172740179846744,-0.5500975037253764,0.4049271316604296
22,-1.2979771657724293,-1.2236578031455991,-1.1988053386107682,-1.2223681820092733,-0.1644088693199891,1.0867387432438247,-1.4268877025906308,-1.4810999340219382,1.9030532345792401,1.591556153102285,-1.300887068049772,-0.8830292969913004,-0.48432345537094845,0.28476083820440423,-1.2892554156195364,-0.636236123933249,-1.1565227582463897,-1.1587250951573513,-0.5500975037253764,0.4049271316604296
23,-1.2915328710618554,-1.2121269540291117,-1.1884907477589708,-1.2023423263714046,-0.1644088693199891,1.0867387432438247,-1.4208443243778837,-1.4810999340219382,1.8966770295589364,1.5641273380267808,-1.2903557830790278,-0.8830292969913005,-0.5903475517827742,0.34224574182393475,-1.2589611032478703,-0.27670193211422506,-1.1131923244820663,-1.1321521807354342,-0.5500975037253764,0.40492713166042965
24,-1.2877828671344225,-1.1773321110811104,-1.1712997630059745,-1.1908989802926229,-0.1644088693199891,1.062196817995129,-1.4231029606796175,-1.152515184755996,1.8965741721179772,1.7378457952552275,-1.2687315446057676,-0.858985923147946,-0.7044961000269236,-0.23260329437137003,-1.2303777653290886,-0.6282464752261596,-1.1408953886920437,-1.1219615202576396,-0.6497141130102283,0.9126000117362182
25,-1.278105039388861,-1.1587209160159013,-1.1529054093202684,-1.1737339611744502,-0.1644088693199891,1.062196817995129,-1.424934287410753,-1.152515184755996,1.8962495867616767,1.707977232665947,-1.2307136058613826,-0.858985923147946,-0.5277892726738809,-0.048651602788872504,-1.2037066929752962,-0.5243810420339972,-1.1373437137933287,-1.1012710942015604,-0.6497141130102283,0.9126000117362182
26,-1.268289486071981,-1.1500222052789013,-1.1431753119500718,-1.1537081055365814,-0.1644088693199891,1.062196817995129,-1.4243848893914124,-1.152515184755996,1.8896507400099238,1.5619074744227952,-1.165665369025421,-0.8589859231479461,-0.43334252012311664,-0.06014858351277861,-1.1722046339310055,-0.6282464752261596,-1.136988546303457,-1.078748817038172,-0.6497141130102283,0.9126000117362182
27,-1.2695922547480918,-1.1376821737682732,-1.1318636439826,-1.1394039229381037,-0.1644088693199891,0.9638218613706998,-1.4231029606796175,-1.152515184755996,1.893502252268716,1.6779629431732008,-1.1188362551888467,-0.8307349588820058,-0.3563633390118485,-0.11763348713230909,-1.1518742316084922,-0.7800498006608587,-1.1153233294212952,-1.066247303280967,-0.40783750922894085,0.4336397781565194
28,-1.2711253433786287,-1.1274662460422615,-1.1211708514662369,-1.119378067300235,-0.1644088693199891,0.9638218613706997,-1.4214547666215953,-1.152515184755996,1.8959500144648822,1.7317048740002632,-1.074499545462015,-0.8307349588820058,-0.4806674520464028,-0.12913046785621518,-1.1267128425954807,-0.8519566390246633,-1.1043131372352786,-1.0547771944650108,-0.4078375092289409,0.43363977815651944
29,-1.2658189307538017,-1.1131032585462852,-1.109687273651235,-1.0964913751426704,-0.1644088693199891,0.9638218613706998,-1.4205391032560277,-1.152515184755996,1.8965694967797515,2.053008420773879,-1.0603525193179828,-0.8307349588820058,-0.47823011649670566,-0.24410027509527618,-1.1082947058379569,-0.6681947187616067,-1.1526159158578033,-1.0496109946841383,-0.40783750922894085,0.4336397781565194
30,-1.2569349455194179,-1.1000551924407844,-1.0965877432694517,-1.0850480290638886,-0.1644088693199891,0.7806293249991773,-1.4195013514417174,-1.152515184755996,1.8963813144161783,1.9517679207315242,-1.0622130463294808,-0.7988774885395601,-0.2724783738431052,-0.3015851787148066,-1.0950094924390863,-1.0676771541160779,-1.1657571129830488,-1.040990537495735,-0.9390107149569942,0.6825751867474161
31,-1.2468920901391163,-1.087108274134552,-1.0846915818203782,-1.0736046829851067,-0.1644088693199891,0.7806293249991774,-1.4190740418711192,-1.152515184755996,1.9630715076982659,1.6697584288759502,-1.0756228825255614,-0.7988774885395601,-0.1883902973785538,-0.2670942365430883,-1.0890714046320158,-1.618962914905248,-1.1899085022943112,-1.0374954668251921,-0.9390107149569943,0.6825751867474161
32,-1.246617187703934,-1.063338541306703,-1.069735425085271,-1.059300500386629,-0.1644088693199891,0.7806293249991774,-1.4204170148072852,-1.152515184755996,1.9685707574024722,1.5222171096872301,-1.0555081282314405,-0.7988774885395601,0.08459128418752616,-0.3015851787148066,-1.055455788910632,-1.4192216972280125,-1.2140598916055736,-1.0195547157213793,-0.9390107149569943,0.6825751867474161
33,-1.2368182327875816,-1.0405802864715288,-1.051753655033637,-1.0507179908275432,-0.1644088693199891,0.5708366005741762,-1.4194403072173463,-1.152515184755996,1.7817735796616594,1.5280035358710264,-1.039851617908268,-0.7177311018182392,0.193052716149049,-0.38206404378214925,-1.0288853621128922,-1.2114908308436874,-1.171439792820993,-1.0120128043749137,-1.59714490847408,-0.18384394801945103
34,-1.22718087221686,-1.0233851605960633,-1.0317089668116433,-1.0364138082290655,-0.1644088693199891,0.5708366005741762,-1.4162049633256735,-1.152515184755996,1.6826037054698233,1.1852069089991828,-0.9962872024126248,-0.7177311018182392,0.4313022661319446,-0.0946395256844969,-0.9822864696607939,-1.4112320485209229,-1.167177782942535,-0.9971589913115181,-1.5971449084740803,-0.18384394801945103
35,-1.2162297688209192,-1.0057854435235276,-1.0142429263025985,-1.0192487891108917,-0.1644088693199891,0.5708366005741762,-1.4144346808189092,-1.152515184755996,1.6920098909363415,1.1466923242754092,-1.0012369063488742,-0.7177311018182392,0.39697645714037655,-0.18661537147574567,-0.9618554217822297,-1.7388076455115893,-1.1398298862224292,-0.9753463587135347,-1.5971449084740803,-0.18384394801945103
36,-1.2150178112286862,-0.9882868742502596,-0.9935105986904855,-1.00780544303211,-0.7891373566516963,0.3174415797186894,-1.418463599627407,-0.44626458131311914,1.309087200441519,0.8547152711160989,-0.9645880346506852,-0.6257651968674077,0.6750358211016589,0.03182726227847013,-0.9395121083386745,-1.4431906433492807,-1.1384092162629431,-0.9621456409930909,-0.7961276839883115,-0.4676876466337735
37,-1.2150178112286862,-0.9882868742502597,-0.9935105986904855,-1.00780544303211,-0.7891373566516964,0.3174415797186894,-1.4184635996274073,-0.44626458131311914,0.7919793473951957,0.6933338128354477,-0.9645880346506852,-0.6257651968674077,0.6750358211016589,0.03182726227847013,-0.9395121083386745,-1.4431906433492807,-1.1384092162629431,-0.9621456409930909,-0.7961276839883115,-0.4676876466337735
38,-1.1985506889599349,-0.9796893113125277,-0.9877344278134783,-0.9877795873942412,-0.7891373566516963,0.3174415797186894,-1.4191350860954903,-0.44626458131311914,0.6747692581597357,0.8141394597740577,-0.943069109027132,-0.6257651968674077,0.9232378245791512,-0.07164556423668472,-0.9217984904735141,-1.3632941562783865,-1.1266886890971834,-0.9540608183339925,-0.7961276839883115,-0.4676876466337735
39,-1.1876392296776503,-0.9623930376377944,-0.9711967004810961,-0.9648928952366777,-0.7891373566516963,0.3174415797186894,-1.416998538242499,-0.44626458131311914,0.5016978103659265,0.5927817125849808,-0.8786527492894164,-0.6257651968674077,1.3566773298336263,-0.014160660617154243,-0.8963351647923464,-1.5390664278343538,-1.1121268220124518,-0.9431908859516398,-0.7961276839883115,-0.4676876466337735
40,-1.1958749170534158,-0.9572344998751544,-0.9663832247502565,-0.9563103856775907,-0.7891373566516964,0.04958154526292236,-1.418707776524892,-0.44626458131311914,0.5172685335164048,0.7420837921423448,-0.8331927024990382,-0.5464220631843394,1.1092877715393663,0.020330281554564074,-0.8798292935998107,-0.8679359364388423,-1.1153233294212952,-0.9495175744823584,-0.3078747685706183,0.01645103526728097
41,-1.1943327747498638,-0.9411519997916321,-0.9534556042160031,-0.9362845300397221,-0.7891373566516964,0.04958154526292236,-1.4159607864281887,-0.44626458131311914,0.46302313427122876,0.9417860094868261,-0.769689054125453,-0.5464220631843394,1.0962886486076484,-0.0946395256844969,-0.8414833367439809,-0.9877806670451836,-1.128464526546541,-0.7669437135509759,-0.3078747685706183,0.01645103526728097
42,-1.1801751621611163,-0.9208212921388752,-0.9366772030970785,-0.9191195109215494,-0.7891373566516963,0.04958154526292237,-1.4126033540877736,-0.44626458131311914,0.5015160287630188,1.1335706287144456,-0.6930564038216739,-0.5464220631843394,1.170627382873411,0.05482122372628234,-0.7763656619783079,-0.7960290980750374,-1.1302403639958984,-0.8317656158171323,-0.3078747685706183,0.01645103526728097
43,-1.167352691988351,-0.904839939854619,-0.9180765575943365,-0.9019544918033757,-0.7891373566516964,-0.20211255008027904,-1.408452346830533,-0.4462645813131192,0.5160099112145817,1.0336515320350779,-0.652721582383725,-0.4821060381533676,1.0641970638699694,0.3537427225478407,-0.7342958195485518,-0.34061912177094045,-1.1163888318909099,-0.8690559665534016,-0.9802695746746951,-0.7422378799570916
44,-1.1590843565189861,-0.8939159775337363,-0.9033610746457716,-0.879067799645812,-0.7891373566516963,-0.20211255008027904,-1.408086081484306,-0.44626458131311914,0.5235858515385837,0.9492948137960417,-0.6835431430647682,-0.4821060381533676,0.6910816134704985,0.1697910309653433,-0.741642945140352,0.4583457489380018,-1.1781879751285516,-0.8912805283641168,-0.9802695746746951,-0.7422378799570917
45,-1.1070984404206825,-0.884812675599666,-0.892358844403854,-0.8733461266064212,-0.7891373566516964,-0.20211255008027906,-1.3701776181498,-0.44626458131311914,0.6930846274836948,0.7697482395606514,-0.6941797408852203,-0.48210603815336756,0.5639339422946308,-1.2098466559033882,-0.7340945284364483,0.48231469505927005,-1.54365532220633,-0.8803277039282034,-0.9802695746746951,-0.7422378799570916
46,-1.0317377238969234,-0.8974561505080965,-0.8897801966909041,-0.8590419440079435,-0.7891373566516964,-0.4425862544390743,-1.2317903615003238,-0.4462645813131191,1.17111573192579,0.8910692224370523,-0.7717602068363658,-0.5638535092207719,0.29217102850339943,-0.24410027509527615,-0.7940792798434682,-0.33262947306385104,-1.2723073599445005,-0.8772948671899193,-1.1798489246178696,-1.1667781700168263
47,-1.0197922254148368,-0.9014009146795269,-0.8843134635394515,-0.8418769248897707,-0.7891373566516964,-0.4425862544390743,-1.045056079148869,-0.4462645813131191,0.240045851672927,0.5933443409296019,-0.9173727736985171,-0.5638535092207719,0.43069293224452043,-0.11763348713230908,-0.9005622781465326,-0.6042775291048913,-1.1515504133881889,-0.8887469422384981,-1.1798489246178696,-1.1667781700168263
48,-1.0144930831637946,-0.9057502700480261,-0.885069866868583,-0.8218510692519021,-0.7891373566516964,-0.44258625443907423,-0.9082559723330434,-0.44626458131311914,0.15109742505066823,-0.16363988521157696,-0.9944968839675977,-0.5638535092207719,1.1647371552949763,-0.4280519666777737,-0.9503818283922958,0.31453207221039214,-1.1426712261414012,-0.923985556458204,-1.1798489246178696,-1.1667781700168263
49,-1.0144930831637946,-0.9057502700480261,-0.8850698668685831,-0.821851069251902,-0.7891373566516964,-0.44258625443907423,-0.9082559723330436,-0.44626458131311914,-0.1742833231654012,-0.604530058624357,-0.9944968839675979,-0.5638535092207719,1.1647371552949763,-0.4280519666777736,-0.9503818283922959,0.31453207221039214,-1.1426712261414012,-0.923985556458204,-1.1798489246178696,-1.1667781700168263
50,-1.0237833862689416,-0.9084812606282472,-0.8705950577065603,-0.8189902327322062,-0.47677311298584274,-0.5078503375407303,-0.8804198060197831,0.070632633453224,-0.3290853125458446,-0.3185657103357343,-0.9623764648068295,-0.5981153169475507,0.7607487879326751,-0.4395489474016797,-0.949375372831775,-0.1488675528007943,-1.1281093590566695,-0.9032925993470543,-2.07812906504889,-0.7245756722896095
51,-0.9901661381262634,-0.9014009146795269,-0.8552606993068876,-0.8046860501337283,-0.47677311298584274,-0.5078503375407303,-0.9721692752496741,0.070632633453224,-0.3172158932579528,0.027342373677252518,-0.9255169674092256,-0.5981153169475507,0.3612288690781518,-0.5890096968124591,-0.9334733749755515,-0.3246398243567616,-1.0943684475188764,-0.9305356105988991,-2.07812906504889,-0.7245756722896095
52,-0.9558999062406475,-0.8950286033256777,-0.8394106113646255,-0.7875210310155556,-0.47677311298584274,-0.5078503375407303,-0.9199154191879398,0.070632633453224,-0.3042501284077351,-0.02035706996708647,-0.9074031572595466,-0.5981153169475507,0.5655588326610956,-0.8994281763579235,-0.9432359939126008,0.16272874677569313,-1.1014717973163066,-0.9340474495092846,-2.07812906504889,-0.7245756722896095
53,-0.9405839722134377,-0.8752036346692591,-0.8238355791784105,-0.7817993579761647,-0.47677311298584274,-0.6376280954297983,-0.855269585578855,0.070632633453224,-0.38933788386457646,0.06479268890639195,-0.8887627828613297,-0.550028569260842,0.5840419605796322,-1.1178708101121393,-0.9305546538500425,0.31453207221039214,-1.0805169154138878,-0.9075827376916333,-1.257174673451212,-0.1760762755374168
54,-0.9291971950978665,-0.8683255843190733,-0.8170279492162236,-0.7789385214564687,-0.47677311298584274,-0.6376280954297983,-0.8419009004415654,0.070632633453224,-0.5461707182268011,0.4223525677662585,-0.8671385443880697,-0.550028569260842,1.0962886486076484,-1.1293677908360455,-0.9212952626932543,0.8258695894641152,-1.0453553339166088,-0.8536563947404188,-1.257174673451212,-0.1760762755374168
55,-0.8985141600732259,-0.8568958830018523,-0.8098764995589772,-0.7703560118973829,-0.47677311298584274,-0.6376280954297983,-0.8976953215168284,0.070632633453224,-0.6515956687357176,0.7871102630959996,-0.802651976083881,-0.550028569260842,1.0654157316448178,-1.2328406173512003,-0.8684563457659294,0.6421076692010584,-1.0837134228227314,-0.8967181838013055,-1.257174673451212,-0.1760762755374168
56,-0.8815039546004396,-0.8492086502575258,-0.8046848221635718,-0.7617735023382961,-0.47677311298584274,-0.6757273975558299,-0.903860788178318,0.070632633453224,-0.7082531174744677,0.6363660823652438,-0.8146576409505293,-0.5362036293009149,1.22404565367094,-1.3937983474858855,-0.8674498902054097,1.2173623761114967,-1.0378968166293072,-0.9117108885116976,-1.2357145282960318,-0.19877822308907558
57,-0.8618063171877058,-0.8359582885534907,-0.7966738232686753,-0.7388868101807314,-0.47677311298584274,-0.6757273975558299,-0.8811523367122375,0.070632633453224,-0.7590574576659477,0.6736885275160601,-0.7977022721476315,-0.5362036293009149,1.341240871352211,-1.106373829388233,-0.841483336743981,1.2653002683540333,-1.0307934668318772,-0.9084663922931382,-1.2357145282960318,-0.19877822308907558
58,-0.8485057856443767,-0.8201792318677706,-0.7820958681981351,-0.7303043006216455,-0.47677311298584274,-0.6757273975558299,-0.8259683578806863,0.070632633453224,-0.8251413547061266,0.5080879911206054,-0.7929631939107972,-0.5362036293009149,1.6229562386380392,0.22727593458487377,-0.8269903766724872,1.4730311347383582,-0.9807148507599949,-0.8927982122607943,-1.2357145282960318,-0.19877822308907558
59,-0.8508018519917219,-0.7871039015073169,-0.7621199439151526,-0.7188609545428638,-0.47677311298584274,-0.652157429742727,-0.7434976107552154,0.070632633453224,-0.8331378831946027,0.48353107943778717,-0.7856615029977481,-0.5019418215741334,1.6357522502739492,-0.7959553498427687,-0.7928715331708436,2.591581953730877,-0.9931457129054976,-0.8903155636184704,-0.6128165085982574,-0.7474163282784473
60,-0.8206288405469253,-0.779214373164456,-0.7564469189466642,-0.70169593542469,-0.47677311298584274,-0.652157429742727,-0.689595560635459,0.070632633453224,-0.8411587345736087,0.4992737406835338,-0.7802905476626681,-0.5019418215741334,1.9651987720746795,-1.0603859064926089,-0.7703269286151849,1.616844811465968,-1.0389623190989217,-0.8728054082585344,-0.6128165085982574,-0.7474163282784473
61,-0.7934263940890901,-0.7715271404201296,-0.7490547955028756,-0.6902525893459083,-0.47677311298584274,-0.652157429742727,-0.6886188530455201,0.070632633453224,-0.8493898901546316,0.6866385028560767,-0.7936652795755128,-0.5019418215741334,1.3548493281713534,-0.956913079977454,-0.7650933597004793,0.4903043437663594,-1.018717772176246,-0.8548966117249875,-0.6128165085982574,-0.7474163282784473
62,-0.7979139980135166,-0.758175630916828,-0.7575815239403615,-0.6788092432671264,0.4603196180117182,-0.702263264896659,-0.7076646510493297,0.40801791502647144,-0.8508418053087813,0.7979391993472591,-0.767758318547483,-0.45625941127176056,1.2933066055415006,-0.6809855426037077,-0.7452661851582257,1.089527996798066,-1.035765811690078,-0.8456705996109558,-0.8777454618526898,-0.808309332200106
63,-0.775769262526324,-0.7502861025739672,-0.7542120909287747,-0.6702267337080395,0.4603196180117182,-0.702263264896659,-0.6342894933551655,0.40801791502647144,-0.850632244404584,0.7661077491475725,-0.7658626872527491,-0.4562594112717607,1.2868070440756416,-0.3360761208865249,-0.7454674762703294,1.5289586756879845,-0.982845855699224,-0.8439896626622281,-0.87774546185269,-0.8083093322001063
64,-0.7300818221323074,-0.7368334452713977,-0.7524242285144633,-0.6702267337080395,0.4603196180117182,-0.702263264896659,-0.6560212372313072,0.4080179150264715,-0.8410093463855486,0.8022415415510656,-0.7346198751728762,-0.4562594112717606,1.0227623595251178,0.03182726227847013,-0.73268549065172,1.8165860291432034,-0.9963422203143412,-0.8252446688097487,-0.8777454618526899,-0.8083093322001061
65,-0.7059913700080767,-0.7321806465050947,-0.751083331703729,-0.6559225511095618,0.4603196180117182,-0.7381685160467591,-0.6958220715213199,0.4080179150264715,-0.8187700375394221,0.8953410591605074,-0.7213504561097395,-0.44543989304225007,0.8978489126031394,0.28476083820440423,-0.727753858405169,2.0323065442346175,-1.0400278215685363,-0.7928338758676122,-0.5001161333962151,-0.8716066156995373
66,-0.6999830233708608,-0.7221670143776175,-0.7462698559728905,-0.6416183685110841,0.4603196180117182,-0.7381685160467593,-0.6971040002331148,0.40801791502647144,-0.7396861955870703,0.5164532321223445,-0.7154178322428867,-0.44543989304225,0.6660989240861027,0.30775479965221647,-0.7248351372796601,-1.131594343772793,-1.0368313141596928,-0.7650694672712348,-0.5001161333962151,-0.8716066156995372
67,-0.6712783530768578,-0.7178176590091182,-0.7382932390475002,-0.6358966954716931,0.4603196180117182,-0.7381685160467591,-0.7031473784458621,0.4080179150264715,-0.6966665667749831,0.32520254367978363,-0.7228950445721146,-0.44543989304225007,0.7530305586919674,0.3652397032717469,-0.7286596684096375,-1.4032423998138337,-1.0442898314469944,-0.765414323524597,-0.5001161333962151,-0.8716066156995373
68,-0.6663489024739273,-0.7176153634105824,-0.7324826862009869,-0.6330358589519982,0.4603196180117182,-0.8677318715603299,-0.7080919606199281,0.4080179150264715,-0.7109415432117768,0.14239908926628336,-0.7212802475432675,-0.4971331468054641,1.1970318513284635,0.30775479965221647,-0.7209099605936301,-1.3872631023996547,-1.0734135656164576,-0.7595482870167182,-0.33328081138336374,-0.7640613407399486
69,-0.6372775584228175,-0.7089166526735825,-0.7274629186531125,-0.6130100033141296,0.4603196180117182,-0.8677318715603299,-0.7084582259661552,0.4080179150264715,-0.7920163708635822,-0.13117064639222464,-0.7107138582892872,-0.4971331468054641,1.1748927200853811,0.3537427225478408,-0.7084299116431768,-1.4671595894705485,-1.0204936096256034,-0.7439769198408221,-0.33328081138336374,-0.7640613407399486
70,-0.6219178649760353,-0.7037581149109426,-0.7205177608129011,-0.6130100033141296,0.4603196180117182,-0.8677318715603299,-0.7282975988867902,0.4080179150264715,-0.8286801607120292,-0.1710192576705207,-0.7062556143183397,-0.4971331468054641,1.5963486588871787,0.5721853563020566,-0.6993718115984923,-1.7388076455115893,-0.9604703038373191,-0.7408279709511766,-0.33328081138336374,-0.7640613407399486
71,-0.6072122308161536,-0.689900866411303,-0.7164263064416879,-0.58726247463687,0.4603196180117182,-0.9724888722287556,-0.7279923777649343,0.40801791502647144,-0.8300367728407719,-0.28741812102820863,-0.6967072492781979,-0.5163678458801465,1.9075151640651804,0.6411672406454931,-0.6702852458994508,-1.6269525636123372,-0.9551427914892466,-0.7285586814966943,-0.21227328321802594,-0.4221450430932772
72,-0.5808812689744425,-0.6780665738970131,-0.7054584581692765,-0.584401638117174,0.4603196180117182,-0.9724888722287556,-0.7210333361866192,0.4080179150264715,-0.8309627883429084,-0.07467745056764434,-0.6934776552205036,-0.5163678458801465,1.368660896286304,0.5721853563020566,-0.6520684002540307,-0.45247420367019237,-0.9746770034321792,-0.7177108958462088,-0.2122732832180259,-0.42214504309327716
73,-0.558323768303885,-0.6761447657109312,-0.6987883560851145,-0.5815408015974791,0.4603196180117182,-0.9724888722287556,-0.6942349216876691,0.4080179150264715,-0.8225627994171151,0.4087010342812896,-0.6802784447238379,-0.5163678458801465,1.6706873931529416,0.756137047884554,-0.6313354157073088,-0.18082614762915197,-0.9636668112461627,-0.6876932154732762,-0.2122732832180259,-0.42214504309327716
74,-0.5438055177400407,-0.6566232404523149,-0.6829726501123573,-0.5500715998808287,1.0850481053434256,-1.1536946132539958,-0.675372256356973,0.5581947405285499,-0.8222124830029381,0.4804192488294389,-0.6436295730256489,-0.4857125442298703,1.765946590886938,0.4917064912347139,-0.6037585333490479,-0.24474333728586734,-1.0027352351320282,-0.6594399968663986,-0.26654668257822317,-0.26397118856328866
75,-0.5350655682127134,-0.6406418881680588,-0.6688760426149004,-0.5557932729202195,1.0850481053434256,-1.1536946132539958,-0.5754428610613431,0.5581947405285499,-0.8176116162363849,0.6609885884699194,-0.6055063214315569,-0.48571254422987026,1.8085999630066383,0.03182726227847013,-0.5780939165557766,-0.6841740161757855,-1.0350554767103353,-0.6385708150459619,-0.26654668257822317,-0.26397118856328866
76,-0.5247291543437442,-0.6267846396684191,-0.6605899879639556,-0.5557932729202195,1.0850481053434256,-1.1536946132539958,-0.4633046208914764,0.5581947405285499,-0.8194747385192187,0.5175474910335558,-0.5297512782086724,-0.48571254422987026,1.7364954529947643,0.34224574182393475,-0.5409557063725715,-0.9078841799742894,-0.9597599688575762,-0.6335033264128408,-0.26654668257822317,-0.26397118856328866
77,-0.5223265015731772,-0.6057458974207911,-0.6512037102888197,-0.5414890903217418,1.0850481053434256,-1.2347458579381692,-0.40146682160346603,0.5581947405285499,-0.8346427602158579,0.5421236872047877,-0.479236214632338,-0.48511145988378684,2.100470895082871,0.36523970327174693,-0.5016032939562208,-1.8187041325824835,-0.9796493482903804,-0.6240302200475465,0.20398430651777294,-0.9359210944049492
78,-0.5145022076121379,-0.5838979727790241,-0.6358005879501346,-0.527184907723264,1.0850481053434256,-1.2347458579381692,-0.35836959919740946,0.5581947405285499,-0.8450153674409333,0.29056048963640896,-0.4420958829688484,-0.4851114598837869,1.919701841813666,0.5032034719586201,-0.4733218927055967,1.105507294212245,-0.9572737964284758,-0.6173991721445946,0.20398430651777294,-0.9359210944049491
79,-0.514718947057042,-0.573783192852279,-0.6178531998680067,-0.527184907723264,1.0850481053434256,-1.2347458579381692,-0.30874064478363605,0.5581947405285499,-0.8520758719651411,0.14268606486190896,-0.4505911195119147,-0.4851114598837869,2.029788164141654,0.5376944141303384,-0.47523415827058463,1.520969026980895,-0.9700598260638498,-0.602991773919267,0.20398430651777294,-0.9359210944049491
80,-0.5148175772221598,-0.560128239951175,-0.5999401937553848,-0.5100198886050913,1.0850481053434256,-1.2591591417615657,-0.2865815913368959,0.5581947405285499,-0.8509570190007649,0.14043711325537372,-0.44357026286475254,-0.554837244029514,2.1906523104216653,0.3997306454434652,-0.45933216041436126,1.0655590506767978,-1.022979782054704,-0.5822855287689966,0.02503438643344897,-1.2115809952257006
81,-0.4679135152225388,-0.5417193404845002,-0.5777982053935252,-0.5100198886050913,1.0850481053434256,-1.2591591417615657,-0.3031245761414871,0.5581947405285499,-0.8269833317092591,-0.4852735769945819,-0.42170029440884155,-0.554837244029514,2.2511794765724775,0.4342215876151835,-0.4372907836389636,1.0016418610200823,-0.9430670968336154,-0.5751802244222002,0.025034386433448973,-1.2115809952257006
82,-0.45336632034041935,-0.535448176929919,-0.568996421199991,-0.5042982155657004,1.0850481053434256,-1.2591591417615657,-0.31533342101572404,0.5581947405285499,-0.7970239768760784,-0.7830562101125806,-0.40962442097572116,-0.554837244029514,1.8110372985563352,0.20428197313706156,-0.42410621579614555,0.841848886878294,-0.9611806388170622,-0.5751710493475699,0.025034386433448973,-1.2115809952257006
83,-0.4254687987133884,-0.5309976737621503,-0.5556562170316656,-0.48427235992783174,1.0850481053434256,-1.3041193199035415,-0.3152723767913529,0.5581947405285499,-0.7667818956373954,-0.6305355137898568,-0.4260532255300821,-0.556640497067764,1.9769792272315494,0.4802095105108079,-0.42390492468404195,0.6660766153223268,-0.8588924017340689,-0.5720667103035427,-0.4405123108845698,-0.6943834691302754
84,-0.40944791278278475,-0.5113750007042662,-0.5421441030158104,-0.48427235992783174,1.0850481053434256,-1.3041193199035415,-0.3350507054876168,0.5581947405285499,-0.7297891066907277,-0.750054016615638,-0.4327581436281225,-0.556640497067764,1.7943821723000715,0.7216461057128359,-0.4046816234781009,0.6500973179081478,-0.8102344556216727,-0.5670242158392431,-0.4405123108845698,-0.6943834691302754
85,-0.3940236090331229,-0.4960005352156162,-0.524746826445778,-0.48141152340813576,1.0850481053434256,-1.3041193199035415,-0.32638242562690856,0.5581947405285499,-0.6855491437633455,-0.7756768376536368,-0.45234633367370575,-0.556640497067764,1.6306744678787468,0.7676340286084602,-0.3992467634512902,0.7220041562719527,-0.7843072288610528,-0.5305963221182628,-0.4405123108845698,-0.6943834691302754
86,-0.3757516507665212,-0.46818489041706884,-0.508518536838949,-0.4756898503687449,-0.47677311298584274,-1.3132814480831645,-0.31344105006021733,0.27343390841535303,-0.6806783976516301,-0.8056452891396806,-0.41748778042054385,-0.5686621839894411,1.7121220974977929,0.963082700914864,-0.36704018551463463,0.841848886878294,-0.761221342019405,-0.49704307419365795,-0.2680004343467999,-0.6589203453581324
87,-0.35754128491179415,-0.4551368243115683,-0.5031205676265087,-0.4756898503687449,-0.47677311298584274,-1.3132814480831645,-0.28072134579726216,0.27343390841535303,-0.7147385908161764,-0.7834759363238697,-0.382453705751202,-0.5686621839894411,1.5603979595291457,1.1815253346690797,-0.3459046187437055,1.0096315097271717,-0.728901100441098,-0.4699623668482123,-0.2680004343467999,-0.6589203453581324
88,-0.34475804732209386,-0.43925661982658004,-0.48785497316584725,-0.4613856677702671,-0.47677311298584274,-1.3132814480831645,-0.3046506817507667,0.27343390841535303,-0.7308644344825767,-0.6029749242061574,-0.32175840003648226,-0.5686621839894411,1.480981442868181,0.733143086436742,-0.32778841865433644,1.105507294212245,-0.7079462185386792,-0.45152837638752624,-0.2680004343467999,-0.6589203453581324
89,-0.32962894818346594,-0.42509592792913803,-0.4731738721867886,-0.4499423216914853,-0.47677311298584274,-1.2495467685933956,-0.31405149230392915,0.27343390841535303,-0.7342301871955703,-0.7222739980731063,-0.2974311317540636,-0.6299727872899964,1.5894428748297034,0.6756581828172116,-0.31530836970388315,1.3851449989603748,-0.7104323909677798,-0.4314640700795237,-0.267515850423941,-0.4276471444347178
90,-0.3188856677362779,-0.415588034797999,-0.4622060239143773,-0.4528031582111802,-0.47677311298584274,-1.2495467685933956,-0.32827479658241526,0.27343390841535303,-0.7345144922867072,-0.9409409140487782,-0.3069092882277334,-0.6299727872899964,1.309149286614532,0.5836823370259627,-0.3259767986453995,1.0415901045555296,-0.6926740164742046,-0.4370728881158587,-0.267515850423941,-0.4276471444347178
91,-0.30731960045963735,-0.40597899386759206,-0.4484876180814861,-0.44135981213239844,-0.47677311298584274,-1.2495467685933956,-0.32687077942187803,0.27343390841535303,-0.7348805044792123,-1.1015971690420483,-0.3187394316782019,-0.6299727872899964,1.3546462168755453,0.5376944141303384,-0.33080778533589794,0.8738074817066517,-0.7264149280119975,-0.4435799143203538,-0.267515850423941,-0.4276471444347178
92,-0.2965875685152861,-0.3962688051379171,-0.4365570746629063,-0.4327773025733126,-0.47677311298584274,-1.2106184439487708,-0.3091679543542344,0.27343390841535303,-0.7414490814518891,-1.196916015518341,-0.33186843360839574,-0.6353825464047517,1.3087430640229158,0.744640067160648,-0.3273858364301292,1.0256108071413508,-0.6710087995920427,-0.4712354875486979,-0.03623086667085536,-0.155963552146436
93,-0.2852656760563224,-0.39030108498113825,-0.42751461668283,-0.43277730257331265,-0.47677311298584274,-1.2106184439487708,-0.30739767184747,0.27343390841535303,-0.7529119482037736,-1.046309083985493,-0.28711047248273525,-0.6353825464047517,1.415579605617974,0.376736683995653,-0.29548119516162974,1.0176211584342612,-0.6994221987817631,-0.46965800747597913,-0.03623086667085536,-0.155963552146436
94,-0.27834222256027397,-0.3787702358646493,-0.4128678976732775,-0.4184731199748349,-0.47677311298584274,-1.2106184439487708,-0.3414603490465912,0.27343390841535303,-0.7779911637457133,-1.0194974531741865,-0.251023269316319,-0.6353825464047517,1.564866408036924,0.6066762984737749,-0.26649527501864073,1.3292174580107488,-0.6116958287835014,-0.4303864733832382,-0.03623086667085536,-0.155963552146436
95,-0.25156118342822703,-0.35591083323020734,-0.4003184788035896,-0.4184731199748349,-0.47677311298584274,-1.1648935640008513,-0.331143875127861,0.27343390841535303,-0.8076414574706557,-1.0014874173544304,-0.25418265480754226,-0.6407923055195042,1.4913401189543936,0.5147004526825262,-0.23821387376801512,1.145455537747692,-0.47957352255130165,-0.3920011249470728,-0.29672933834486354,-0.0071756351989055965
96,-0.23673538233560107,-0.34579605330346364,-0.38979759613475545,-0.4013081008566611,-0.47677311298584274,-1.1648935640008513,-0.3097783965979462,0.27343390841535303,-0.8180881819623178,-1.0692528719786145,-0.2926569492339932,-0.6407923055195042,1.3690671188779202,0.3997306454434652,-0.2447558349113993,0.8738074817066516,-0.43979476368569315,-0.34240225340272795,-0.29672933834486354,-0.0071756351989055965
97,-0.22806841089984908,-0.3388168551540098,-0.3762167181798889,-0.3841430817384885,-0.47677311298584274,-1.1648935640008513,-0.2920145273059314,0.27343390841535303,-0.8188892080652719,-1.0111041978881126,-0.31442160484019727,-0.6407923055195042,1.2333887732781126,0.30775479965221647,-0.2462655182521801,0.7939109946357574,-0.43127074392877696,-0.24469023964045059,-0.29672933834486354,-0.007175635198905596
98,-0.22792272907042618,-0.31969992109246237,-0.35888820554886786,-0.3755605721794016,-0.47677311298584274,-1.0722074170729747,-0.2518474276696917,-0.20997502033095788,-0.8225253967113116,-0.8552582004977094,-0.2905857965230803,-0.6474042333264288,1.1899229559751803,0.1697910309653433,-0.2280486726067585,0.8098902920499362,-0.43943959619582157,-0.47717650656304206,-0.18347515294526814,0.1037911145444361
99,-0.19314880561165193,-0.3093828455671828,-0.34719833591683114,-0.3612563895809248,-0.47677311298584274,-1.0722074170729747,-0.18860561122114408,-0.20997502033095788,-0.8291203119286473,-0.7783006145279281,-0.22437911834033758,-0.6474042333264288,0.9234409358749593,0.28476083820440423,-0.19392982910511494,0.8418488868782938,-0.4174192118237883,-0.47295945243362514,-0.18347515294526814,0.1037911145444361
100,-0.18161360312938063,-0.30068413483018286,-0.33946239277798196,-0.35839555306122883,-0.47677311298584274,-1.0722074170729747,-0.13384894196019118,-0.20997502033095788,-0.8337236109842537,-0.801746325469045,-0.20307081841619926,-0.6474042333264288,0.7503901118464622,0.3537427225478408,-0.20661116916767325,0.7299938049790421,-0.39291265502265443,-0.4665138043145906,-0.18347515294526814,0.1037911145444361
101,-0.17373059747060787,-0.29603133606388127,-0.33815587793675483,-0.34695220698244705,-0.47677311298584274,-0.9825443436396225,-0.08702802186749233,-0.20997502033095786,-0.8361659084993771,-0.9898016285039872,-0.21156605495926561,-0.675655197592369,0.7528274473961593,0.4227246068912774,-0.21637378810472122,0.9057660765350094,-0.33608585664321367,-0.45802243093478556,-0.03041585959654851,0.11387059431278992
102,-0.18607967028618058,-0.2849050781444626,-0.3325172349377714,-0.34409137046275107,-0.47677311298584274,-0.9825443436396225,-0.02280949782900575,-0.20997502033095788,-0.8379189478185395,-0.8188283419673007,-0.1970328816996396,-0.675655197592369,0.5497161515880642,0.4227246068912774,-0.20932859918107863,0.9137557252420988,-0.35313389615704593,-0.4368147204986625,-0.030415859596548512,0.11387059431278992
103,-0.18614853307183998,-0.26851913466313626,-0.3203460177326505,-0.32406551482488244,-0.47677311298584274,-0.9825443436396226,0.028833915989016724,-0.20997502033095788,-0.8381503770606983,-0.4840481377275472,-0.1774095873708203,-0.675655197592369,0.6236486632622108,0.5032034719586201,-0.18799174129804447,1.0016418610200823,-0.37053710316074967,-0.42768204104035734,-0.030415859596548512,0.11387059431278992
104,-0.1861102607268221,-0.2563813987510441,-0.3021235738944742,-0.3183438417854915,-0.47677311298584274,-0.9245842347966053,0.08340745257685607,-0.20997502033095788,-0.8414394775022882,-0.24375420273323983,-0.1741799933131251,-0.7261462826634137,0.7796381384428279,0.5147004526825262,-0.17601492012785097,0.5302525873018065,-0.28352106814223094,-0.42699549235247114,-0.0984652876208775,-0.025716329635188894
105,-0.18610326470676508,-0.24606432322576452,-0.2864453957997408,-0.30690049570670974,-0.47677311298584274,-0.9245842347966051,0.14933521489773582,-0.20997502033095786,-0.8437225301639152,-0.0884522791576726,-0.16431568972386149,-0.7261462826634137,0.7501870005506542,0.6641612020933054,-0.1617232511684608,0.49829399247344885,-0.2792590582637729,-0.4127684318009205,-0.0984652876208775,-0.025716329635188894
106,-0.1861671891253254,-0.23473576970781,-0.27393035889956024,-0.292596313108232,-0.47677311298584274,-0.9245842347966052,0.20305413234437855,-0.20997502033095788,-0.8491904090570134,-0.028136646487956968,-0.1547673246837207,-0.7261462826634137,0.899473802969604,0.6986521442650236,-0.1574961378142747,0.178708044189872,-0.17128814134283543,-0.39345110312061327,-0.09846528762087751,-0.025716329635188894
107,-0.12883645088031304,-0.21855212182501949,-0.2663319436387357,-0.28687464006884106,-0.47677311298584274,-0.9029224481254358,0.26568550654921436,-0.20997502033095788,-0.8553369203773784,-0.20740277231592144,-0.17593520747491612,-0.7904623076943855,0.9360338362150612,0.28476083820440423,-0.14471415219566527,-0.013043524780274138,-0.19899120555281283,-0.40432008635731426,-0.008748035617286072,-0.47605638901025055
108,-0.1204638609944119,-0.20267191734003132,-0.25127264099511026,-0.26970962095066836,-0.47677311298584274,-0.9029224481254358,0.32373856392621125,-0.20997502033095788,-0.8572220835404177,-0.10951589743360363,-0.19267995057839893,-0.7904623076943855,0.7804505836260605,0.3537427225478408,-0.1303218376802226,-0.03701247090154241,-0.14251957466324355,-0.3910358438195426,-0.008748035617286072,-0.47605638901025044
109,-0.10196981338521538,-0.19245598961401963,-0.23751985319271388,-0.2582662748718855,-0.47677311298584274,-0.9029224481254358,0.3438221137443311,-0.20997502033095786,-0.854048120892464,0.05831523974798572,-0.19338203624311456,-0.7904623076943854,0.7615612331159074,0.38823366471955906,-0.11341338426347815,-0.35659841918511925,-0.137902397294914,-0.37799743000549807,-0.008748035617286072,-0.4760563890102505
110,-0.11005652668682527,-0.18203776628947366,-0.2305746953525024,-0.24682292879310372,-1.10150160031755,-0.8725130445339393,0.35053697842516146,-0.5405469865695175,-0.8570480941678857,0.015999707821578998,-0.16294662267766524,-0.75680158431369,0.7461247746344923,0.5261974334064322,-0.09328427305306859,-0.5163913933269078,-0.08640311126354579,-0.35130175941265923,-0.29402951363179247,-1.0285783304406393
111,-0.08670778986550388,-0.17748611532243852,-0.22287313418316038,-0.2124928905567573,-1.10150160031755,-0.8725130445339392,0.41457236979053447,-0.5405469865695175,-0.8588638786511871,-0.11949073965026313,-0.13258141767868686,-0.75680158431369,0.8911462398414722,0.5606883755781505,-0.08865457747467524,-0.6122671778119807,-0.06367239191176947,-0.32844506659807426,-0.29402951363179247,-1.0285783304406393
112,-0.0677776570060857,-0.16322427562572853,-0.20774506760052355,-0.21535372707645323,-1.10150160031755,-0.8725130445339394,0.44662058758540657,-0.5405469865695175,-0.85945978946917,-0.10256679314660469,-0.07950374142613793,-0.75680158431369,0.8491022016091966,0.7561370478845542,-0.07305451628660795,-0.5163913933269078,-0.008621430981686226,-0.29995456157833333,-0.29402951363179247,-1.0285783304406393
113,-0.08050629820396837,-0.14673718434513566,-0.19237632723134465,-0.21249289055675732,-1.10150160031755,-0.8731062244394848,0.4739684001036974,-0.5405469865695175,-0.8630930939779927,-0.12316812692563678,-0.05215750478543991,-0.7165289331260726,0.9234409358749592,0.8711068551236152,-0.05574348064565627,-0.6122671778119807,0.07306709168875988,-0.2773443302512431,0.16916349034662595,-1.2418656706764875
114,-0.07933741414698856,-0.13045238866307723,-0.17666376716710613,-0.20391038099767148,-1.10150160031755,-0.8731062244394848,0.4622479090244299,-0.5405469865695175,-0.8637676177746979,-0.25219235471890167,-0.023091158266186827,-0.7165289331260726,0.8383373029313674,0.963082700914864,-0.03964019167732776,-0.37257771659929806,0.11533202298346895,-0.25753249668652806,0.16916349034662595,-1.2418656706764875
115,-0.06347318419491683,-0.11952842634219299,-0.16607412055926057,-0.1896061983991937,-1.10150160031755,-0.8731062244394847,0.4849563604905107,-0.5405469865695175,-0.8611419093721336,-0.21453412859905388,-0.0075399607927223375,-0.7165289331260726,0.8811937863468755,1.0435615659822066,-0.0289717627358114,-0.4444845549631029,0.14978326950100493,-0.23842303090388933,0.16916349034662595,-1.2418656706764875
116,-0.05599279263158307,-0.10273789166379778,-0.15376537547611496,-0.1838845253598028,-1.10150160031755,-0.8569617255644697,0.5096182271364694,-0.5405469865695175,-0.8594021269643897,-0.2665650194255313,-0.010804659133652552,-0.7381679695850909,0.6977842862321656,0.963082700914864,-0.015082676000628476,-0.12489860667952604,0.18672068844764142,-0.2244414826941818,0.13690404633916176,-1.0049054238287265
117,-0.04748302588181853,-0.09899542309090179,-0.1465451618798562,-0.16958034276132503,-1.10150160031755,-0.8569617255644696,0.5620552158713173,-0.5405469865695175,-0.859050140786561,-0.3768803226958157,-0.0247761638615059,-0.7381679695850909,0.5499192628838723,1.0665555274300187,-0.01629042267325308,-0.03701247090154241,0.21690992508671933,-0.20673232312932419,0.13690404633916176,-1.0049054238287265
118,-0.03720861595531553,-0.08604850478466908,-0.1334456314980729,-0.16671950624162907,-1.10150160031755,-0.8569617255644697,0.5463058059835516,-0.5405469865695175,-0.8594785262413006,-0.27994289481589607,-0.01849249716229534,-0.7381679695850909,0.13333799518146902,0.9170947780192393,-0.012868473767484324,0.21865628772531912,0.27196088601680257,-0.192869418126048,0.13690404633916176,-1.0049054238287265
119,-0.021695284421006322,-0.07765323744547148,-0.11952093384814573,-0.15813699668254325,-1.10150160031755,-0.8245297928974401,0.5171877109584964,-0.5405469865695175,-0.8609099235420908,-0.48902244080029456,-0.039484858537311845,-0.7399712226233409,0.017361445275046655,1.1700283539451735,-0.015787194892993305,0.3385010183316604,0.335535866703802,-0.1742342087872537,0.2939784636201409,-0.9251480724506996
120,-0.012314033055117758,-0.06905567450773947,-0.11034094799004576,-0.13811114104467456,-1.10150160031755,-0.82452979289744,0.4127410430593989,-0.5405469865695175,-0.860116635528691,-0.4614053532675516,-0.0844885496456232,-0.7399712226233409,-0.20951387214259568,0.9860766623626761,-0.025147231605833976,0.4982939924734488,0.3564907486062207,-0.1555202203593887,0.2939784636201409,-0.9251480724506995
121,0.006327616859595737,-0.062177624157553575,-0.1060088198322905,-0.1552761601628473,-1.10150160031755,-0.8245297928974401,0.4762880806298025,-0.5405469865695175,-0.8532376935141603,-0.562282141237872,-0.13149318489837647,-0.7399712226233409,-0.38703314467887084,1.2505072190125164,-0.04235762169073312,0.7299938049790421,0.4413757786855104,-0.1338113610192975,0.2939784636201409,-0.9251480724506996
122,-0.0017863946379229586,-0.06571779713191374,-0.09820411275442999,-0.12952863148558771,-1.4138658439834038,-0.7892391618904337,0.5267106099604012,-0.6873213601544589,-0.8485395098860381,-0.8522993216856691,-0.1702834178739502,-0.7748341146962058,-0.6795134106425279,0.756137047884554,-0.08925845081098754,0.8977764278279199,0.37744563050863955,-0.13001034906710213,-0.599732742681067,-0.8591690924991379
123,0.008304335467866988,-0.054591539212495065,-0.0857922217627669,-0.11808528540680592,-1.4138658439834038,-0.7892391618904337,0.41890650972088855,-0.6873213601544589,-0.8463685697099033,-0.7729161324237188,-0.13465257038959974,-0.7748341146962058,-0.7808659472507674,0.2042819731370616,-0.07204806072608697,1.1374658890406026,0.41544855192489055,-0.1070992385685002,-0.599732742681067,-0.8591690924991378
124,0.007783337738913886,-0.03982396051944833,-0.0657475335407731,-0.09805942976893724,-1.4138658439834038,-0.7892391618904337,0.5349515802505111,-0.6873213601544589,-0.8410684256594881,-0.7123782205613641,-0.08561188670916958,-0.7748341146962058,-0.9878363576792164,-0.24410027509527615,-0.05362992396856321,1.0336004558484402,0.4484791284829405,-0.11035670644429572,-0.599732742681067,-0.8591690924991379
125,0.007852474878301027,-0.021819652249843776,-0.04542778956273102,-0.09519859324924128,-1.4138658439834038,-0.761566961959465,0.5525323168694124,-0.6873213601544589,-0.8370579417812518,-0.8183296104663316,-0.06876183075597982,-0.7237419452790778,-0.7973179622112231,-0.6120036582602711,-0.04497440614808738,1.0815383480909766,0.47511669022330333,-0.0971727569636943,-0.03429253097941974,-0.40979999218433033
126,0.007892530522549132,-0.009884211936284583,-0.033669155991681986,-0.07803357413106858,-1.4138658439834038,-0.7615669619594649,0.48538367006110894,-0.6873213601544589,-0.8348885494254232,-0.5747365255965994,-0.026426065173588992,-0.7237419452790778,-0.9758527912265388,-1.0029010028730785,-0.021523991587960166,0.8897867791208305,0.4097658720869465,-0.07967082753273805,-0.03429253097941974,-0.4097999921843303
127,0.007775381480809809,0.0018489327787387553,-0.020741535457428493,-0.07231190109167768,-1.4138658439834038,-0.761566961959465,0.4671924911984959,-0.6873213601544589,-0.8333162898509776,-0.4271244785095286,0.002815802761842989,-0.7237419452790778,-0.856829571882995,-1.221343636627294,-0.0025019814941226824,0.7619523998073998,0.3682112757719804,-0.06875027404897442,-0.03429253097941974,-0.40979999218433033
128,0.0076827870977020304,0.011559121508412205,-0.0035161687349258923,-0.06372939153259082,-1.4138658439834035,-0.7433927872630663,0.4925868885369088,-0.6873213601544589,-0.8290311298519973,-0.4620470913029123,0.003377471293615682,-0.7045072462043954,-0.9577758858996184,-1.1638587330077637,0.006455472994509305,0.6660766153223268,0.3994660148806728,-0.055079096467292796,-0.003832970114002899,-0.3015611750388459
129,0.007659055500253665,0.019448649851273047,0.005148087580584643,-0.04370353589472216,-1.4138658439834038,-0.7433927872630665,0.506504971693539,-0.6873213601544589,-0.8126241435256192,-0.6031342249449536,-0.00848777644008882,-0.7045072462043954,-0.8158010901297598,-1.198349675179482,0.007159991886872704,0.6181387230797902,0.3866799852452986,-0.04549399091512698,-0.003832970114002899,-0.3015611750388459
130,0.007586077408678351,0.033609341748715105,0.02230469036407493,-0.046564372414418125,-1.4138658439834038,-0.7433927872630665,0.5336696515387163,-0.6873213601544589,-0.8072835815810364,-0.599006461683792,-0.021511465520575687,-0.7045072462043954,-0.7912246233369803,-1.416792308933698,-0.006427158180152639,0.42638715410964406,0.410831374556561,-0.04021737385680183,-0.0038329701140028993,-0.3015611750388459
131,0.007910363514851372,0.03684607132527292,0.037845340580783655,-0.017956007217462593,-1.4138658439834038,-0.7077376722177133,0.5532038033374955,-0.6873213601544589,-0.8125331363466987,-0.6958525259046963,-0.02526762382680763,-0.6870758001679629,-0.8669851366733998,-1.6352349426879136,-0.006427158180152639,0.41839750540255466,0.3831283103465836,-0.032601745531406386,-0.9507791816549961,-0.5428676195848877
132,0.10041434706934428,0.0473654424490869,0.054108012157118746,-0.01223433417807169,-1.4138658439834038,-0.7077376722177133,0.520362010625798,-0.6873213601544589,-0.7858510418128487,-0.5119497792606057,-0.04288997401118498,-0.6870758001679629,-1.1436227215640256,-1.784695692098693,-0.00028777926097853224,0.35448031574583927,0.35933208852519277,-0.03100591530942584,-0.950779181654996,-0.5428676195848877
133,0.11342639566796868,0.05383890160220397,0.064628894825952,-0.0065126611386807885,-1.4138658439834035,-0.7077376722177133,0.4160374311754429,-0.6873213601544589,-0.6953445086340558,-0.533428438431979,-0.07135954771542939,-0.6870758001679629,-0.935839865952344,-2.106611152368064,-0.008540714857245692,0.5062836411805383,0.339087541602517,-0.014030761715027106,-0.9507791816549961,-0.5428676195848877
134,0.12586134120031986,0.07113517527693591,0.07865673838439761,0.016374031018882816,-0.7891373566516963,-0.6823309907211756,0.3897273704714622,-0.6239533217916545,-0.6523746994974747,-0.6744978323817736,-0.057633772970226906,-0.6534150767872674,-0.967525228098407,-2.060623229472439,-0.004514892615164639,0.30654242350330274,0.31280514735202564,0.006530896914338101,-0.8328868358508941,-0.7661882034433626
135,0.14131115984666032,0.08822915335313489,0.09773873146022292,0.02209570405827372,-0.7891373566516963,-0.6823309907211756,0.43844066151966776,-0.6239533217916545,-0.6504954361660056,-0.9515343113240361,-0.05078843773924365,-0.6534150767872674,-0.7252134521993494,-1.922659460785566,-0.009647815973819198,0.1866976928969614,0.26272653128014345,0.008604780162768558,-0.8328868358508941,-0.7661882034433626
136,0.16044513752577946,0.10238984525057696,0.11159466517113875,0.03926072317644744,-0.7891373566516964,-0.6823309907211756,0.45425111563180465,-0.6239533217916545,-0.645673715327089,-0.8516897213521043,-0.014946964555478283,-0.6534150767872674,-0.4792456729757461,-2.0031383258529085,0.013299370806048238,0.2346355851394979,0.27693323087500366,0.01880524847896129,-0.8328868358508942,-0.7661882034433627
137,0.14980679737944694,0.12676646487403065,0.13353036171596142,0.0592865788143161,-0.7891373566516963,-0.6468902780513207,0.43868483841715245,-0.6239533217916545,-0.6451136765982286,-0.9304464855828959,0.02468577121775401,-0.631174955982163,-0.28243082733770186,-2.072120210196345,0.04550594874270239,0.3464906670387498,0.1963102106741721,0.02405528945904603,-0.3226199650804678,-0.590629558120251
138,0.16051550925694139,0.14365814735169377,0.1536781958464737,0.062147415334011046,-0.7891373566516964,-0.6468902780513207,0.4164647407460411,-0.6239533217916545,-0.638151627410807,-0.926175039302428,0.058666717390021404,-0.631174955982163,-0.5416008407888313,-1.8421805957182236,0.06160923771103089,0.09082190841188835,0.1824586785691834,0.02788129558006299,-0.3226199650804678,-0.590629558120251
139,0.17644709304917003,0.1539752228769719,0.16753412955738853,0.0764515979324888,-0.7891373566516964,-0.6468902780513207,0.40974987606521085,-0.6239533217916545,-0.6349623029372553,-1.0734345163720158,0.08636399686307723,-0.631174955982163,-0.3214281961328561,-1.7846956920986932,0.07892027335198257,0.11479085453315661,0.1259870476796141,0.03845382899162671,-0.3226199650804678,-0.590629558120251
140,0.1827714951807271,0.1684393581722163,0.177470518744621,0.09361661705066152,-0.7891373566516963,-0.6065183107450077,0.3773964371484828,-0.6239533217916545,-0.6109336146430324,-1.2025266812450615,0.07267332640110974,-0.5596459187981833,-0.24526146020482043,-1.8421805957182233,0.08063124780486694,0.1866976928969614,0.12101470282141304,0.05637907738313206,-0.2959678493232281,-0.3571832583476958
141,0.19410244131270585,0.18603907524475202,0.19789340863118057,0.09933829009005343,-0.7891373566516964,-0.6065183107450077,0.4043779843205466,-0.6239533217916545,-0.5491513576630894,-1.1507753306216701,0.08043137299622448,-0.5596459187981833,-0.2938050599029552,-1.922659460785566,0.09441968898399733,0.17071839548278256,0.13095939253781516,0.06768530038327075,-0.2959678493232281,-0.3571832583476958
142,0.20276502308881417,0.1992894369487871,0.212299453854192,0.10792079964913927,-0.7891373566516964,-0.6065183107450077,0.35505425102862914,-0.6239533217916545,-0.5284950758370187,-1.084995533224361,0.10075675298976035,-0.5596459187981833,-0.17498495185521948,-1.7617017306508809,0.11324040796572978,0.274583828674945,0.07910493901657546,0.08618414913013911,-0.2959678493232281,-0.3571832583476958
143,0.2346270932583605,0.21213520745575185,0.22261404470598928,0.1308074918067039,-0.7891373566516963,-0.5696768358885647,0.25506381150862817,-0.6239533217916545,-0.5128995642861438,-0.9684561103912648,0.11132314224374057,-0.5374057979930815,-0.43537363308119753,-1.2673315595229186,0.13357081028824294,0.2586045312607662,0.17144848638316673,0.1034772665177752,-0.713333059454133,0.28887440588718466
144,0.25415421982931213,0.21658571062351903,0.23426953236852077,0.1308074918067039,-0.7891373566516964,-0.5696768358885647,0.29028632897080187,-0.6239533217916545,-0.49688043875666194,-0.6163643855677742,0.09812393174707479,-0.5374057979930815,-0.8992798327068869,-1.106373829388233,0.1368921136379606,0.13077015194733546,0.2066100678804457,0.11691748532426943,-0.713333059454133,0.28887440588718466
145,0.2580997007877506,0.22821770753927587,0.24936321698165145,0.14511167440518166,-0.7891373566516964,-0.5696768358885647,0.23034090063829826,-0.6239533217916545,-0.45987694308306254,-0.3090955156800898,0.10089717012270327,-0.5374057979930815,-0.980321239734317,-1.0373919450447968,0.15400185816680867,0.08283225970479892,0.17571049626162477,0.1371526378495342,-0.713333059454133,0.28887440588718466
146,0.25267216099213224,0.2550218743451483,0.26817015430143043,0.1594158570036584,-1.4138658439834038,-0.5422905057915929,0.2693481600114854,-0.5514409310421563,-0.4345334221706244,-0.36657262783252925,0.15028889663549222,-0.5085537493810552,-0.7562894804579879,-0.5545187546407407,0.19224716946658582,0.2266459364324085,0.19666537816404353,0.1732568729033678,-0.4808712290312471,-0.2910193338132283
147,0.255735731892793,0.27282388701621846,0.2864269801091119,0.16799836656274525,-1.4138658439834038,-0.5422905057915929,0.36146389458760353,-0.5514409310421563,-0.4236814096094297,-0.37121753283029774,0.17710856902765354,-0.5085537493810552,-0.8147855336507194,-0.048651602788872504,0.2058343195336126,0.29855277479621334,0.27480222593577464,0.19294500115150998,-0.4808712290312472,-0.2910193338132283
148,0.24021087750191927,0.2685756794469857,0.2845703537557882,0.17944171264152706,-1.4138658439834035,-0.5422905057915929,0.4285514971715358,-0.5514409310421563,-0.3752404640226621,-0.3171629165856887,0.18405921710834375,-0.5085537493810552,-0.7599454837825337,0.38823366471955906,0.20070139617495802,0.042884016169351814,0.29966395022677994,0.20941805669628888,-0.4808712290312472,-0.2910193338132283
149,0.24017095903453503,0.28920983049754334,0.2943004511259847,0.19660673175970078,-1.4138658439834038,-0.4820577317682953,0.4074301955391058,-0.5514409310421563,-0.36219685479099095,-0.48810679257996614,0.2094396138878368,-0.49833531549763077,-0.6738262943599013,0.836615912951897,0.2198240518248466,-0.10891930926534718,0.2772883983648752,0.22849651705431287,0.025657422905696135,-0.6143024647321639
150,0.24014530696099257,0.29730165443893863,0.30127999093570135,0.20232840479909167,-1.4138658439834035,-0.48205773176829536,0.37855627741153525,-0.5514409310421563,-0.34769103352931663,-0.47841111709918743,0.21677640908412182,-0.4983353154976307,-0.5009785816272123,0.9515857201909578,0.2154962929146094,0.05087366487644123,0.30712246751408157,0.2584895196403078,0.025657422905696135,-0.6143024647321639
151,0.2399549054739502,0.310855459540776,0.3121446932995952,0.21949342391726437,-1.4138658439834038,-0.48205773176829525,0.37147514738447796,-0.5514409310421563,-0.30657919064780775,-0.5820093071200251,0.22456955996247255,-0.4983353154976307,-0.47558966965120036,1.1355374117734554,0.22395051962298165,0.034894367462262384,0.2804849057737187,0.26490289680719314,0.025657422905696135,-0.6143024647321639
152,0.2400036032606217,0.3182392488873001,0.32036198401152766,0.2366584430354371,-1.4138658439834038,-0.43570393818558173,0.3913755645294842,-0.5514409310421563,-0.2823236826710834,-0.46539765233428826,0.2186369360956198,-0.4592648330021799,-0.23063744690663754,1.0550585467061124,0.2276744051969065,0.08283225970479892,0.32878768439624334,0.2797026085684557,0.17047878956581441,-0.34659518097635184
153,0.23995202475980906,0.3291632112081829,0.33927206723982317,0.24524095259452394,-1.4138658439834035,-0.4357039381855817,0.4613322456588621,-0.5514409310421563,-0.27866667763818287,-0.5615057029182787,0.2443683757074707,-0.4592648330021799,-0.1912338555198671,1.0205676045343945,0.2502190097525653,-0.06897106572990008,0.33020835435572937,0.29580233349032864,0.17047878956581441,-0.34659518097635184
154,0.2948731142141974,0.34150324271881094,0.3487958727929837,0.2652668082323926,-1.4138658439834038,-0.43570393818558173,0.43966154600709145,-0.5514409310421563,-0.2738388343325426,-0.5689169728717023,0.29000394391402673,-0.4592648330021799,-0.30680418283467326,1.1355374117734554,0.28775980215997904,-0.23675368857877796,0.4246829066615496,0.3219291494560616,0.17047878956581441,-0.34659518097635184
155,0.32197569591514,0.3663856013386029,0.37334459902026257,0.2652668082323926,-1.4138658439834038,-0.39431713296857696,0.412435821937543,-0.5514409310421563,-0.2536852829228417,-0.4258945830997046,0.2845276757292407,-0.4183910974684764,-0.4099847211051857,0.9745796816387698,0.3009443700027971,0.08283225970479892,0.4786683651220184,0.3415935490629171,0.5449929356610533,-0.47536284682435465
156,0.3422666232640829,0.37134184350270677,0.3833153701770003,0.2767101543111744,-1.4138658439834038,-0.39431713296857696,0.4599282284983249,-0.5514409310421563,-0.21421586510838891,-0.4312774253433674,0.2847383014286556,-0.4183910974684764,-0.2604948073904276,1.2620041997364222,0.3154373300742909,0.17071839548278256,0.6267732083984359,0.35549663456543834,0.5449929356610533,-0.47536284682435465
157,0.32887198839214354,0.3863117177942894,0.4014690500761642,0.299596846468739,-1.4138658439834038,-0.3943171329685769,0.425316153279863,-0.5514409310421563,-0.11983141210565415,-0.3814328879271006,0.2796481803594624,-0.41839109746847647,-0.21824765786234376,1.2849981611842343,0.3301315812578898,0.16272874677569313,0.5905461244315424,0.3708642518081546,0.5449929356610533,-0.4753628468243547
158,0.32900683324932123,0.4190836047569406,0.4310375438513186,0.32248353862630263,0.4603196180117182,-0.32085573237703924,0.40932256649461257,-0.17567292164594886,-0.05396290951668553,-0.23180960110959892,0.3267932327451586,1.2640439872202422,0.06468637719833284,0.9515857201909578,0.3681756014455633,-0.20479509375042024,0.596583971759358,0.41699304685077826,-0.011793991703827755,-0.5845263868843672
159,0.37865690170975935,0.43840283441702105,0.4484692023908571,0.33392688470508547,0.4603196180117182,-0.32085573237703924,0.4278189664790816,-0.17567292164594883,0.02261188384160621,0.027473152555830428,0.36625044710221294,1.2640439872202422,0.05554636888696855,0.9975736430865819,0.39001568710885726,-0.20479509375042024,0.6896378541056922,0.4383045305447931,-0.011793991703827757,-0.5845263868843672
160,0.4107523097247373,0.4607564980551263,0.4677231053142132,0.3568135768626491,0.4603196180117182,-0.32085573237703924,0.3945498641967858,-0.17567292164594883,0.1865856861084806,0.007106494534282448,0.3860141585639751,1.2640439872202422,0.11688598022101332,1.0550585467061124,0.4008854071624786,0.0029357726339047027,0.7620920220394791,0.4606594416916421,-0.011793991703827757,-0.5845263868843672
161,0.407810826232915,0.47926654532106905,0.48006623236686397,0.36825692294143086,0.4603196180117182,-0.2968283728295392,0.34968235928396485,-0.17567292164594883,0.276903095784187,0.032163368462268825,0.420837607533901,1.3157372409834562,-0.09353732223617332,1.0435615659822066,0.4252416317270744,-0.05299176831572126,0.7738125492052388,0.48253092132001574,0.7402110302984977,-0.5402783954242097
162,0.4183755024033528,0.4972708535906736,0.4977729466624499,0.38256110553990863,0.4603196180117182,-0.2968283728295392,0.3177562299378351,-0.17567292164594886,0.27081881098925076,0.13153608262044122,0.457416270665618,1.3157372409834562,-0.2556201362910333,0.9975736430865819,0.44285460403618215,-0.021033173487363565,0.7507266623635911,0.5072004823288807,0.7402110302984977,-0.5402783954242097
163,0.42521445495126153,0.5065764511232782,0.5065059669169727,0.4025869611777773,0.4603196180117182,-0.2968283728295392,0.30292248341563716,-0.17567292164594883,0.26756310582069964,0.07481145595911654,0.4714930882431793,1.3157372409834562,-0.31614730244184563,1.1125434503256428,0.4517114129687616,-0.029022822194452978,0.8238911652771211,0.5312467710266233,0.7402110302984977,-0.5402783954242097
164,0.4414000902953651,0.5201302562251156,0.516820557768771,0.41403030725655915,0.4603196180117182,-0.26710505683963753,0.2832662431681156,-0.17567292164594883,0.2723284139476299,0.051587711856248754,0.472089861058188,1.361419651285829,-0.34031754664300895,1.2620041997364222,0.4625811330223831,-0.15685720150788374,0.9148140426842262,0.5575441168277341,0.7815391162908928,-0.5042142017576237
165,0.4613989681011428,0.5211417342177905,0.5234218959139219,0.4369169994141237,0.4603196180117182,-0.26710505683963753,0.2626332953306551,-0.17567292164594886,0.263822167334895,0.05297856314361924,0.4770044607112013,1.361419651285829,-0.3624566778860913,1.71038644796876,0.4697269675020781,-0.15685720150788374,1.0906219501706211,0.5784053891010754,0.7815391162908929,-0.5042142017576237
166,0.4692465821290388,0.5402586682793366,0.5398220953682796,0.4569428550519924,0.4603196180117182,-0.26710505683963753,0.24755537191097238,-0.17567292164594883,0.2778731950706906,0.15036471187057654,0.4872900156992947,1.361419651285829,-0.4274522925446818,1.606913621453605,0.4908625342730087,-0.005053876073184726,1.1090906596439394,0.5881452053944284,0.7815391162908928,-0.5042142017576237
167,0.49480427798915216,0.556543463961395,0.558697796627069,0.47124703765046916,0.4603196180117182,-0.2508033295559236,0.22380916863058148,-0.17567292164594886,0.3376597839291088,0.2932038735389726,0.5029465260224671,1.3650261573623315,-0.5379448374642856,1.4114649491472016,0.5086767976942201,-0.45247420367019237,1.1321765464855873,0.6085973958919925,0.6232186260654193,-0.7066360477477694
168,0.5150685930265055,0.5757615458222088,0.5766451847091989,0.4998554028474247,0.4603196180117182,-0.2508033295559236,0.19658344456103294,-0.17567292164594883,0.43904576843979864,0.257599292653127,0.4732131981217344,1.3650261573623315,-0.5629275268486813,1.2735011804603285,0.5121993921560414,-0.5962878803978019,1.2660746901671447,0.623620473263231,0.6232186260654193,-0.7066360477477693
169,0.5320787984992918,0.5938670018910813,0.5980995336809374,0.5313246045640752,0.4603196180117182,-0.2508033295559236,0.15043401093641715,-0.17567292164594883,0.5148552139904774,0.003387720302260764,0.4449542501169049,1.3650261573623315,-0.3882518124537195,1.468949852766732,0.5193452266357365,-0.5882982316907125,1.2870295720695635,0.6892039067237384,0.6232186260654193,-0.7066360477477693
170,0.5332210702446822,0.6083311371863258,0.6222700582436514,0.539907114123162,0.7726838616775717,-0.22434607641944335,0.11759221822471966,0.3695258376981397,0.507028586483531,-0.10928920284005239,0.4617692017868587,1.275464589795836,-0.3628629004777075,1.4459558913189199,0.5206536188644136,-0.20479509375042024,1.2611023453089436,0.6882661508201003,0.1851547598009698,-0.97230894109162
171,0.5514797223554891,0.616524108926989,0.636710485436167,0.5599329697610307,0.7726838616775719,-0.22434607641944337,0.12162113703321784,0.3695258376981397,0.4538210166924821,-0.14018987939760025,0.4991201591497642,1.275464589795836,-0.47640211483443273,0.9170947780192394,0.5355491611601161,-0.19680544504333083,1.183320665027084,0.7124576588025153,0.1851547598009698,-0.97230894109162
172,0.5394567189453197,0.6256274108610591,0.6498100158179513,0.5885413349579851,0.7726838616775719,-0.2243460764194434,0.13871351985714964,0.3695258376981397,0.4156485442796203,-0.2344623386680744,0.5491788670440327,1.275464589795836,-0.5225083789828704,0.7561370478845542,0.5550743990342133,0.1547390980686037,1.2753090449038038,0.72693687571547,0.1851547598009698,-0.97230894109162
173,0.5394276374501806,0.6483856656962332,0.6645942627055285,0.5942630079973761,0.7726838616775719,-0.21591291631651408,0.0808435951532663,0.3695258376981397,0.40656353734556383,-0.2701898242159922,0.5964292322794369,1.3770478442840086,-0.5574435218618627,0.8711068551236152,0.5867777491906077,0.10680120582606718,1.358418237533736,0.7278705186546183,0.48981959472983233,-0.37110033821133986
174,0.5392569894315347,0.6592084802178495,0.6721582959968458,0.6085671905958538,0.7726838616775717,-0.21591291631651405,0.05508293246862626,0.3695258376981397,0.3763622337592172,-0.3962968826937238,0.6155259623597185,1.3770478442840086,-0.4956976879362017,0.8136219515040846,0.592313254773471,0.13077015194733546,1.3612595774527079,0.7290107589639006,0.48981959472983233,-0.37110033821133986
175,0.5388261169021398,0.6799437790676751,0.6901056840789739,0.6343147192731133,0.7726838616775719,-0.21591291631651405,0.0735793324530953,0.3695258376981397,0.3037160102282985,-0.6845907836020749,0.6173162808047444,1.3770478442840086,-0.37078424101422325,0.6411672406454931,0.5966410136837081,0.3385010183316604,1.3836351293146127,0.739877527527415,0.4898195947298324,-0.37110033821133986
176,0.5387007372485686,0.6920815149797688,0.7087063295817159,0.657201411430678,0.7726838616775717,-0.1874116938669521,0.06472791991927347,0.3695258376981397,0.24788627699351728,-0.7033821594984925,0.6323409140296742,1.4509812188523241,-0.5036190284727176,0.25026989603268596,0.6106307459749436,0.1467494493615143,1.269981532555731,0.7530089576153022,0.3514362716162681,-0.12050042837429326
177,0.598797646953386,0.7027020339028507,0.729232365376795,0.6772272670685466,0.7726838616775719,-0.18741169386695208,0.07150382882447501,0.3695258376981397,0.17810281618687276,-1.0886032264265113,0.6318845583476075,1.4509812188523243,-0.491838573315848,0.22727593458487377,0.6159649604457018,0.16272874677569313,1.4770441791508184,0.7846142422812368,0.3514362716162681,-0.12050042837429326
178,0.6343175381978493,0.7105915622457101,0.7468015517943561,0.6943922861867193,0.7726838616775719,-0.18741169386695208,0.029566446681470942,0.3695258376981397,0.1567505768706737,-1.033867024044537,0.6389405192780067,1.4509812188523243,-0.5897382178953499,0.22727593458487375,0.6253249971585424,0.2665941799678556,1.5143367655873265,0.8013837476511528,0.3514362716162681,-0.12050042837429327
179,0.6739627492692759,0.7266740623292341,0.7668118580468458,0.714418141824588,0.7726838616775717,-0.12016796216486281,0.060149603091434606,0.3695258376981397,0.08163358736634406,-1.0152515512017646,0.6595467335374283,1.5874273654133593,-0.48026122945478655,0.1582940502414372,0.6461586272613153,0.3704596131600181,1.592828780848929,0.8204514510251272,0.6165729036947829,0.9138946238165571
180,0.6832618316937102,0.7284947227160481,0.7866846364213087,0.7401656705018476,0.7726838616775719,-0.12016796216486281,0.09848537599653875,0.3695258376981397,0.03844403733316776,-0.9164881487888621,0.654702342450887,1.5874273654133593,-0.585675991979188,-0.12913046785621518,0.6497818672791892,0.6181387230797902,1.6620864413738725,0.8419432723929196,0.6165729036947829,0.9138946238165572
181,0.7004337686889915,0.7500392039600129,0.8029129260281368,0.7373048339821516,0.7726838616775719,-0.12016796216486281,0.16618342082418286,0.3695258376981397,0.042892565995875875,-0.8721006377838347,0.6464879401737055,1.587427365413359,-0.46990255336857367,-0.27859121726699443,0.6784658507540221,0.3624699644529287,1.6549830915764423,0.8253132914337665,0.6165729036947829,0.9138946238165571
182,0.7035110572760387,0.7698641726164316,0.8262239013531998,0.7601915261397163,1.3974123490092791,-0.037816009735998635,0.17601154094794363,0.8327166737637848,-0.0026534101617055016,-0.9614890796784167,0.6814869105598114,1.567591581992591,-0.5296172743361537,-0.1866153714757457,0.6961794686191825,0.6021594256656113,1.6088113178931465,0.8893489847186342,-0.8845296367727145,0.4963822279072336
183,0.7290459817767507,0.7889811066779789,0.850428807885419,0.7887998913366718,1.3974123490092791,-0.037816009735998635,0.18327580364811466,0.8327166737637848,-0.0723500304755695,-1.1767845695996435,0.7063056388075307,1.567591581992591,-0.5541937411289332,-0.16362141002793346,0.705539505332023,0.9137557252420989,1.6066803129539178,0.9155156648017279,-0.8845296367727143,0.4963822279072336
184,0.7670319015028859,0.781091578335118,0.8389452300704173,0.828851602612408,1.3974123490092791,-0.037816009735998635,0.44491134930301335,0.8327166737637848,-0.4605221397581719,-1.7765493235629055,0.6865419273457686,1.567591581992591,-0.5296172743361537,-0.25559725581918225,0.6740374462877323,-1.1395839924798827,1.589277105950214,0.8264718818923098,-0.8845296367727145,0.4963822279072335
185,0.7670319015028859,0.781091578335118,0.8389452300704173,0.8288516026124081,1.3974123490092791,-0.037816009735998635,0.4449113493030133,0.8327166737637848,-0.3420434197587568,-1.7702659245691608,0.6865419273457686,1.567591581992591,-0.5296172743361537,-0.25559725581918225,0.6740374462877323,-1.1395839924798827,1.589277105950214,0.8264718818923099,-0.8845296367727146,0.4963822279072336
186,0.9436198155310738,0.7457909963907801,0.7952113648587947,1.1120744180622644,1.3974123490092791,-0.04738550242906965,1.0320346993050702,0.8327166737637848,-0.3527877366123134,-1.959143695756736,0.6259519344807557,0.9460703681418832,-0.547491068367266,-1.9686473836811902,0.6295521105127285,-2.5058139213921735,1.2753090449038038,1.5673569436511297,-1.2805731542978276,1.3505487840566064
187,1.0495324259976202,0.7586367668977463,0.7836934050742878,1.069161870266831,1.3974123490092791,-0.04738550242906965,1.2179143625153284,0.8327166737637848,-0.7631257811451091,-1.946183916902583,0.6261274558969346,0.9460703681418831,-0.5001661364439799,-3.2563092247586733,0.6390127927816203,-0.3486087704780299,0.49500606965610755,1.2717132595531517,-1.2805731542978276,1.3505487840566064
188,1.1498061071213346,0.7751238581783393,0.7966897895475527,1.0119451398729211,1.3974123490092791,-0.04738550242906965,1.1278130873434595,0.8327166737637849,-0.8174112142388131,-1.9001292143420165,0.6753787652767806,0.9460703681418831,-0.44431053009675375,-3.0953514946239875,0.6701122696017023,0.634118020493969,0.7549886722420491,1.2654919261897442,-1.2805731542978276,1.3505487840566064
189,1.156351089649984,0.8141669086955716,0.8494317307697454,0.9833367746759665,1.3974123490092791,0.20490891956552737,0.9437647508643368,0.8327166737637848,-0.8400812917478008,-1.9955245367164631,0.7211547506162796,1.169072660538994,-0.12237912624092283,-2.486011516256965,0.7045330497715021,1.393134647667464,0.9531721315903489,1.3363035702803525,0.0995910842790261,2.2884027639707494
190,1.1843191201850407,0.8461296132640839,0.8843981937573401,1.020527649432008,1.3974123490092791,0.20490891956552737,1.0091431151658758,0.8327166737637848,-0.8493517082257908,-1.9713948205890377,0.7498349500199389,1.169072660538994,-0.06977330062662618,-2.669963207839462,0.7375447921565736,1.9683893545779025,0.8022259483949593,1.1328443920524587,0.09959108427902612,2.2884027639707494
191,1.2140254559389743,0.8624144089461422,0.9019329982053961,1.0176668129123119,1.3974123490092791,0.20490891956552737,1.0536443547324696,0.8327166737637849,-0.8577946606763374,-1.943708508363445,0.762542700551302,1.169072660538994,-0.16198582892350138,-2.600981323496026,0.7555603466898901,1.7047309472439516,0.9254690673803715,1.1695057756036968,0.09959108427902613,2.2884027639707494
192,1.2401008572833079,0.8705062328875376,0.9149981466176732,1.0291101589910947,1.3974123490092791,0.5417636384566183,1.0761086293010658,0.8327166737637849,-0.865908497651197,-1.8549510562878166,0.7663339631407698,1.1786900100763353,-0.1609702724444609,-2.669963207839462,0.7632094089498449,1.7606584881935774,0.7585403471407642,1.1581198243688358,0.725881191436813,2.867787906068172
193,1.2827369355175477,0.8788003524274688,0.9386185596682908,1.0519968511486584,1.3974123490092791,0.5417636384566183,1.1834854199699802,0.8327166737637848,-0.8673634487392592,-1.7668300262813985,0.7607523821062759,1.1786900100763353,-0.02468259295722905,-2.1411020945397823,0.7705565345416451,1.4171035937887324,1.0213642896456778,1.0973017348424028,0.725881191436813,2.867787906068172
194,1.3240971317409942,0.9138986387732707,0.9514430342940258,1.1177960911016551,1.3974123490092791,0.5417636384566183,1.2527706146312751,0.8327166737637848,-0.8599608298823285,-1.7159675276063628,0.76935293149905,1.1786900100763353,0.13963444535151998,-2.106611152368064,0.8218857681281877,1.7127205959510408,1.0128402698887617,1.1362299945911998,0.7258811914368131,2.867787906068172
195,1.3291390673722927,0.9511210289036892,0.9542623557935189,1.1206569276213512,2.0221408363409865,0.8175208270765696,1.2781039677453168,1.125363287514352,-0.8641425859722451,-1.5946485733359175,0.808248477324331,1.179892178768502,0.04539080409656379,-1.9111624800616598,0.8659685216789844,1.105507294212245,1.000409407743259,1.7297582956702442,1.0357379969677352,2.7005517669758112
196,1.3453000108809008,0.9745873183337359,0.9677057058703609,1.1435436197789148,2.0221408363409865,0.8175208270765696,1.3994598857952325,1.125363287514352,-0.8826151812536489,-1.427459910089841,0.8585178109180154,1.179892178768502,-0.042556386988341424,-2.635472265667744,0.9039118963106068,0.010925421340994132,0.5667499026101516,1.2450141087595914,1.0357379969677352,2.7005517669758112
197,1.3768789480034331,1.0196992368070152,0.989985222110245,1.1692911484561743,2.0221408363409865,0.8175208270765696,1.6388753337790198,1.125363287514352,-0.8835105085238188,-1.1023851848450024,0.9239170905863345,1.179892178768502,-0.32528731075320994,-1.566253058344477,0.9586630788029197,2.0323065442346175,1.076415250575761,2.5663267305522988,1.0357379969677352,2.7005517669758112
198,1.3826601297540912,1.0853441585315857,1.0657630829014537,1.2179253692909986,2.0221408363409865,1.1524030441130775,1.7628561534768965,1.125363287514352,-0.8848147153733398,-1.091349992841785,1.0003391151906977,1.2628418185280756,-0.16076716114865283,-0.025657641341060352,1.0186478302099398,4.309356425755103,1.0646947234100013,1.5472733380482142,2.403579958649034,3.0677130001890927
199,1.3859927044847882,1.1433018475118313,1.128647705127915,1.2665595901258218,2.0221408363409865,1.1524030441130775,1.7627340650281542,1.125363287514352,-0.9022655164975539,-1.095416846996936,1.0754973855985734,1.2628418185280756,-0.10633333387208331,1.8943381395512575,1.0734996582583036,1.2093727274044073,1.0902667826807497,1.4069342439334165,2.403579958649034,3.0677130001890927
200,1.4313197812574359,1.1926619735543433,1.2005404033649445,1.303750464881863,2.0221408363409865,1.1524030441130775,1.7536384755968477,1.125363287514352,-0.9143006922111957,-1.1876508034310005,1.1632931979713426,1.2628418185280756,-0.2974610632275009,1.5609256985579807,1.1286534229748253,-0.029022822194452978,1.0817427629238336,1.407649266990847,2.403579958649034,3.0677130001890927
201,1.4173669737264363,1.2396957002137046,1.2358506860476006,1.3466630126772963,2.0221408363409865,1.483811942666515,1.8166361151479107,1.125363287514352,-0.9145133138427659,-1.3673139248980835,1.2091744961605484,1.4551888092749103,-0.24993302000840661,0.986076662362676,1.1814923399021502,-0.5483499881552655,1.0909771176604928,1.4699274589111029,2.464152949006397,2.590787157021356
202,1.4173114170965717,1.2738836563660998,1.2489502164293829,1.3924363969924245,2.0221408363409865,1.483811942666515,1.9378089005247126,1.125363287514352,-0.9184358163562145,-1.400094737221258,1.2289733119055475,1.4551888092749103,-0.29055527917002566,0.9515857201909577,1.227789295686091,-0.6042775291048913,1.0497776888353982,1.479049065003474,2.464152949006397,2.590787157021356
203,1.4175311744324808,1.2967430590005418,1.2736020885651793,1.4439314543469437,2.0221408363409865,1.483811942666515,1.9744964793717947,1.125363287514352,-0.9193449571256868,-1.3177245419739818,1.2550557943497562,1.4551888092749103,-0.5227114902786785,0.5836823370259627,1.2636191136406203,-0.5004120959127288,0.923693229931014,1.4188732307011922,2.464152949006397,2.590787157021356
204,1.4833549438498663,1.350654836010089,1.339374796230144,1.489704838662072,2.0221408363409865,1.7413234891315672,1.9391518734608784,1.125363287514352,-0.9169283790306931,-1.131317689231191,1.3350584558441734,1.4575931466592464,-0.5227114902786785,1.1815253346690797,1.3352787495496776,-0.029022822194452978,1.1520659259183916,1.450409860498338,2.0629174608792242,2.22302485391363
205,1.4832482202497808,1.407398751399125,1.4002308822557508,1.5211740403787224,2.0221408363409865,1.741323489131567,1.9780980886096946,1.125363287514352,-0.8999059633612189,-1.1475111169057126,1.3827651767616422,1.4575931466592464,-0.6161426863504023,0.7676340286084602,1.4043216010013808,-0.10092966055825775,1.2294924387103796,1.469714850285176,2.0629174608792242,2.22302485391363
206,1.5805378930538752,1.4749654813097763,1.463081122512707,1.5755299342529374,2.0221408363409865,1.741323489131567,1.9893302258939927,1.125363287514352,-0.874339832594638,-1.2336738461580359,1.412744234645028,1.4575931466592464,-0.6323915900150499,0.7676340286084603,1.479403185816207,-0.3965466627205664,1.1925550197637431,1.479929555786141,2.0629174608792242,2.22302485391363
